monoisotopic_mass	uniname
42.010565	Acetyl
-0.984016	Amidated
226.077598	Biotin
57.021464	Carbamidomethyl
43.005814	Carbamyl
58.005479	Carboxymethyl
0.984016	Deamidated
486.251206	ICAT-G
494.30142	ICAT-G:2H(8)
-29.992806	Met->Hse
-48.003371	Met->Hsl
450.275205	ICAT-D:2H(8)
442.224991	ICAT-D
99.068414	NIPCAM
414.193691	PEO-Iodoacetyl-LC-Biotin
79.966331	Phospho
-18.010565	Dehydrated
71.037114	Propionamide
119.037114	Pyridylacetyl
39.994915	Pyro-carbamidomethyl
-17.026549	Gln->pyro-Glu
127.063329	SMA
21.981943	Cation:Na
105.057849	Pyridylethyl
14.01565	Methyl
15.994915	Oxidation
28.0313	Dimethyl
42.04695	Trimethyl
45.987721	Methylthio
79.956815	Sulfo
162.052824	Hex
188.032956	Lipoyl
203.079373	HexNAc
204.187801	Farnesyl
210.198366	Myristoyl
229.014009	PyridoxalPhosphate
238.229666	Palmitoyl
272.250401	GeranylGeranyl
340.085794	Phosphopantetheine
783.141486	FAD
788.725777	Tripalmitate
42.021798	Guanidinyl
156.11503	HNE
176.032088	Glucuronyl
305.068156	Glutathione
45.029395	Acetyl:2H(3)
56.026215	Propionyl
59.036279	Propionyl:13C(3)
127.099714	GIST-Quat
130.118544	GIST-Quat:2H(3)
133.137375	GIST-Quat:2H(6)
136.156205	GIST-Quat:2H(9)
100.016044	Succinyl
104.041151	Succinyl:2H(4)
104.029463	Succinyl:13C(4)
225.093583	Iminobiotin
338.177647	ESP
348.240414	ESP:2H(10)
339.161662	NHS-LC-Biotin
601.206246	EDT-maleimide-PEO-biotin
68.037448	IMID
72.062555	IMID:2H(4)
74.055944	Propionamide:2H(3)
227.126991	ICAT-C
236.157185	ICAT-C:13C(9)
159.035399	FormylMet
125.047679	Nethylmaleimide
354.172562	OxLysBiotinRed
352.156911	OxLysBiotin
371.199111	OxProBiotinRed
369.183461	OxProBiotin
310.135113	OxArgBiotin
312.150763	OxArgBiotinRed
490.174218	EDT-iodoacetyl-PEO-biotin
316.138088	IBTP
114.042927	GG
27.994915	Formyl
345.097915	ICAT-H
351.118044	ICAT-H:13C(6)
17.990578	Fluoro
387.074287	Fluorescein
125.896648	Iodo
251.793296	Diiodo
377.689944	Triiodo
208.182715	Myristoleyl
206.167065	Myristoyl+Delta:H(-4)
104.026215	Benzoyl
1216.422863	Hex(5)HexNAc(2)
233.051049	Dansyl
-46.005479	a-type-ion
41.026549	Amidine
349.137281	HexNAc(1)dHex(1)
406.158745	HexNAc(2)
486.158471	Hex(3)
495.19519	HexNAc(1)dHex(2)
511.190105	Hex(1)HexNAc(1)dHex(1)
552.216654	HexNAc(2)dHex(1)
568.211569	Hex(1)HexNAc(2)
656.227613	Hex(1)HexNAc(1)NeuAc(1)
698.274563	HexNAc(2)dHex(2)
700.253828	Hex(1)HexNAc(2)Pent(1)
714.269478	Hex(1)HexNAc(2)dHex(1)
730.264392	Hex(2)HexNAc(2)
821.280102	Hex(3)HexNAc(1)Pent(1)
846.311736	Hex(1)HexNAc(2)dHex(1)Pent(1)
860.327386	Hex(1)HexNAc(2)dHex(2)
862.306651	Hex(2)HexNAc(2)Pent(1)
876.322301	Hex(2)HexNAc(2)dHex(1)
892.317216	Hex(3)HexNAc(2)
947.323029	Hex(1)HexNAc(1)NeuAc(2)
972.283547	Hex(3)HexNAc(2)Phos(1)
47.944449	Delta:S(-1)Se(1)
159.008578	NBS:13C(6)
152.988449	NBS
218.167065	BHT
87.050655	DAET
9.030193	Label:13C(9)
88.996524	Label:13C(9)+Phospho
132.021129	HPG
282.052824	2HPG
6.020129	Label:13C(6)
4.008491	Label:18O(2)
170.048013	AccQTag
171.149738	QAT
174.168569	QAT:2H(3)
184.157563	EQAT
189.188947	EQAT:2H(5)
32.056407	Dimethyl:2H(4)
75.980527	Ethanedithiol
94.041865	Delta:H(6)C(6)O(1)
38.01565	Delta:H(2)C(3)
76.0313	Delta:H(4)C(6)
112.05243	Delta:H(8)C(6)O(2)
85.052764	NEIAA
90.084148	NEIAA:2H(5)
541.06111	ADP-Ribosyl
144.102063	iTRAQ4plex
296.016039	IGBP
70.041865	Crotonaldehyde
26.01565	Delta:H(2)C(2)
40.0313	Delta:H(4)C(3)
2.004246	Label:18O(1)
8.014199	Label:13C(6)15N(2)
95.943487	Thiophospho
214.971084	SPITC
3.01883	Label:2H(3)
121.035005	PET
10.008269	Label:13C(6)15N(4)
6.013809	Label:13C(5)15N(1)
10.027228	Label:13C(9)15N(1)
362.136553	Cytopiloyne
380.147118	Cytopiloyne+water
135.983029	CAF
28.990164	Nitrosyl
183.035399	AEBS
44.026215	Ethanolyl
765.09956	CoenzymeA
16.028204	Methyl:2H(2)
155.004099	SulfanilicAcid
161.024228	SulfanilicAcid:13C(6)
13.979265	Trp->Oxolactone
356.188212	Biotin-PEO-Amine
428.191582	Biotin-HPDP
201.970617	Delta:Hg(1)
322.020217	IodoU-AMP
145.019749	CAMthiopropanoyl
326.141261	IED-Biotin
146.057909	dHex
17.03448	Methyl:2H(3)
43.989829	Carboxy
190.074228	Bromobimane
170.036779	Menadione
75.998285	DeStreak
1444.53387	dHex(1)Hex(3)HexNAc(4)
1606.586693	dHex(1)Hex(4)HexNAc(4)
1768.639517	dHex(1)Hex(5)HexNAc(4)
1298.475961	Hex(3)HexNAc(4)
1460.528784	Hex(4)HexNAc(4)
1622.581608	Hex(5)HexNAc(4)
119.004099	Cysteinyl
-128.094963	Lys-loss
111.032028	Nmethylmaleimide
78.04695	DimethylpyrroleAdduct
62.01565	Delta:H(2)C(5)
54.010565	Delta:H(2)C(3)O(1)
143.058243	Nethylmaleimide+water
713.093079	Xlink:B10621
572.316129	FP-Biotin
44.008456	Delta:H(4)C(2)O(-1)S(1)
18.037835	Methyl:2H(3)13C(1)
36.07567	Dimethyl:2H(6)13C(2)
525.142894	Thiophos-S-S-biotin
447.195679	Can-FP-biotin
158.13068	HNE+Delta:H(2)
13.031634	Methylamine
77.910511	Bromo
15.010899	Amino
199.066699	Argbiotinhydrazide
-43.053433	Arg->GluSA
47.984744	Trioxidation
-23.015984	His->Asn
-22.031969	His->Asp
19.989829	Trp->Hydroxykynurenin
3.994915	Trp->Kynurenin
-1.031634	Lys->Allysine
241.088497	Lysbiotinhydrazide
44.985078	Nitro
258.115047	probiotinhydrazide
-30.010565	Pro->Pyrrolidinone
240.104482	Thrbiotinhydrazide
164.060231	Diisopropylphosphate
122.013281	Isopropylphospho
111.041593	ICPL:13C(6)
105.021464	ICPL
-33.987721	Cys->Dha
-27.994915	Pro->Pyrrolidone
86.036779	HMVK
-42.021798	Arg->Orn
-1.007825	Dehydro
142.110613	Diphthamide
220.182715	Hydroxyfarnesyl
576.511761	Diacylglycerol
72.021129	Carboxyethyl
87.068414	Hypusine
266.203451	Retinylidene
14.96328	Lys->AminoadipicAcid
-33.003705	Cys->PyruvicAcid
586.279135	Phycocyanobilin
588.294785	Phycoerythrobilin
584.263485	Phytochromobilin
616.177295	Heme
521.884073	Molybdopterin
29.974179	Quinone
340.100562	Glucosylgalactosyl
123.00853	GPIanchor
881.146904	PhosphoribosyldephosphoCoA
197.04531	GlycerylPE
469.716159	Triiodothyronine
595.612807	Thyroxine
-94.041865	Tyr->Dha
-2.01565	Didehydro
-17.992806	Cys->Oxoalanine
-15.010899	Ser->LacticAcid
329.05252	Phosphoadenosine
146.036779	Hydroxycinnamyl
148.037173	Glycosyl
454.088965	FMNH
634.662782	Archaeol
124.068498	Phenylisocyanate:2H(5)
345.047435	Phosphoguanosine
30.010565	Hydroxymethyl
1620.930224	MolybdopterinGD+Delta:S(-1)Se(1)
418.137616	Dipyrrolylmethanemethyl
306.025302	PhosphoUridine
154.00311	Glycerophospho
15.977156	Carboxy->Thiocarboxy
31.972071	Sulfide
70.005479	PyruvicAcidIminyl
79.91652	Delta:Se(1)
1572.985775	MolybdopterinGD
31.989829	Dioxidation
126.104465	Octanoyl
283.045704	PhosphoHexNAc
242.019154	PhosphoHex
236.214016	Palmitoleyl
368.344302	Cholesterol
264.187801	Didehydroretinylidene
294.183109	CHDH
109.052764	Methylpyrroline
614.161645	Hydroxyheme
386.110369	MicrocinC7
24.995249	Cyano
342.786916	Diironsubcluster
438.094051	FMN
456.104615	FMNC
922.834855	CuSMo
59.04969	Hydroxytrimethyl
-15.994915	Deoxy
831.197041	Microcin
154.135765	Decanoyl
129.042593	Glu
258.085186	GluGlu
387.127779	GluGluGlu
516.170373	GluGluGluGlu
161.068808	HexN
175.042199	NDA
220.991213	SPITC:13C(6)
59.019355	AEC-MAEC
128.107539	TMAB
137.16403	TMAB:2H(9)
421.073241	FTC
4.025107	Label:2H(4)
118.065674	DHP
192.063388	Hep
340.167459	BADGE
672.298156	CyDye-Cy3
684.298156	CyDye-Cy5
234.16198	BHTOH
298.022748	IGBP:13C(2)
134.048013	PyMIC
332.19876	LG-lactam-K
348.193674	LG-Hlactam-K
290.176961	LG-lactam-R
306.171876	LG-Hlactam-R
34.063117	Dimethyl:2H(4)13C(2)
324.105647	Hex(2)
227.224915	C8-QAT
232.064354	PropylNAGthiazoline
427.069202	FNEM
56.0626	Diethyl
594.091928	BisANS
68.0626	Piperidine
525.225719	Maleimide-PEO2-Biotin
452.245726	Sulfo-NHS-LC-LC-Biotin
141.098318	CLIP_TRAQ_2
14.999666	Methyl+Deamidated
29.039125	Delta:H(5)C(2)
37.955882	Cation:K
144.105918	iTRAQ4plex114
144.099599	iTRAQ4plex115
155.821022	Dibromo
383.228103	LRGG
271.148736	CLIP_TRAQ_3
244.101452	CLIP_TRAQ_4
626.386577	Biotin:Cayman-10141
660.428442	Biotin:Cayman-10013
-14.01565	Ala->Gly
44.059229	Cys->Phe
-15.977156	Cys->Ser
83.070128	Cys->Trp
60.054144	Cys->Tyr
53.091927	Cys->Arg
-45.987721	Cys->Gly
-43.989829	Asp->Ala
22.031969	Asp->His
-58.005479	Asp->Gly
48.036386	Asp->Tyr
-15.958529	Asp->Val
-0.94763	Glu->Lys
-72.021129	Glu->Gly
-29.974179	Glu->Val
-60.036386	Phe->Ser
-44.059229	Phe->Cys
-33.98435	Phe->Xle
-48.0	Phe->Val
129.057849	Gly->Trp
99.079647	Gly->Arg
-40.006148	His->Pro
26.004417	His->Tyr
-9.000334	His->Gln
19.042199	His->Arg
-23.974848	His->Xle
-12.036386	Xle->Thr
0.958863	Xle->Asn
-27.047285	Lys->Thr
-14.052036	Lys->Asn
0.94763	Lys->Glu
-0.036386	Lys->Gln
2.945522	Lys->Met
28.006148	Lys->Arg
-26.052036	Xle->Ser
33.98435	Xle->Phe
72.995249	Xle->Trp
-16.0313	Xle->Pro
23.974848	Xle->His
14.974514	Xle->Gln
17.956421	Xle->Met
43.017047	Xle->Arg
25.060626	Met->Arg
-2.945522	Met->Lys
-17.956421	Met->Xle
-31.972071	Met->Val
-27.010899	Asn->Ser
-12.995249	Asn->Thr
14.052036	Asn->Lys
49.020401	Asn->Tyr
23.015984	Asn->His
-0.958863	Asn->Xle
-10.020735	Pro->Ser
-26.01565	Pro->Ala
40.006148	Pro->His
31.005814	Pro->Gln
59.048347	Pro->Arg
16.0313	Pro->Xle
-31.005814	Gln->Pro
0.036386	Gln->Lys
9.000334	Gln->His
28.042534	Gln->Arg
-14.974514	Gln->Xle
-69.069083	Arg->Ser
29.978202	Arg->Trp
-55.053433	Arg->Thr
-59.048347	Arg->Pro
-28.006148	Arg->Lys
-19.042199	Arg->His
-28.042534	Arg->Gln
-25.060626	Arg->Met
-53.091927	Arg->Cys
-43.017047	Arg->Xle
-99.079647	Arg->Gly
60.036386	Ser->Phe
99.047285	Ser->Trp
27.010899	Ser->Asn
10.020735	Ser->Pro
69.069083	Ser->Arg
26.052036	Ser->Xle
12.995249	Thr->Asn
27.047285	Thr->Lys
-3.994915	Thr->Pro
29.992806	Thr->Met
12.036386	Thr->Xle
55.053433	Thr->Arg
48.0	Val->Phe
-28.0313	Val->Ala
15.958529	Val->Asp
-42.04695	Val->Gly
-99.047285	Trp->Ser
-83.070128	Trp->Cys
-29.978202	Trp->Arg
-129.057849	Trp->Gly
-72.995249	Trp->Xle
-76.0313	Tyr->Ser
-49.020401	Tyr->Asn
-26.004417	Tyr->His
-48.036386	Tyr->Asp
-60.054144	Tyr->Cys
253.010225	BDMAPP
325.225309	NA-LNO2
327.240959	NA-OA-NO2
109.046571	ICPL:2H(4)
7.017164	Label:13C(6)15N(1)
17.07069	Label:2H(9)13C(6)15N(2)
109.048119	dNIC
138.104465	HNE-Delta:H(2)O
154.09938	4-ONE
107.997631	O-Dimethylphosphate
93.981981	O-Methylphosphate
136.028931	Diethylphosphate
162.080967	O-pinacolylmethylphosphonate
77.987066	Methylphosphonate
120.034017	O-Isopropylmethylphosphonate
304.20536	iTRAQ8plex
304.19904	iTRAQ8plex:13C(6)15N(2)
43.042199	Ethanolamine
136.001656	BEMAD_ST
120.0245	BEMAD_C
229.162932	TMT6plex
225.155833	TMT2plex
224.152478	TMT
972.365219	ExacTagThiol
1046.347854	ExacTagAmine
136.088815	4-ONE+Delta:H(-2)O(-1)
251.036462	NO_SMX_SEMD
267.031377	NO_SMX_SIMD
86.000394	Malonyl
183.983029	3sulfo
53.971735	trifluoro
210.986535	TNBS
214.990469	IDEnT
142.039317	BEMAD_ST:2H(6)
126.062161	BEMAD_C:2H(6)
-131.040485	Met-loss
-89.02992	Met-loss+Acetyl
172.05243	Menadione-HQ
59.045045	Methyl+Acetyl:2H(3)
240.11503	lapachenole
5.016774	Label:13C(5)
626.263502	Biotin-phenacyl
60.012189	Carboxymethyl:13C(2)
130.079062	NEM:2H(5)
63.044462	AEC-MAEC:2H(4)
365.132196	Hex(1)HexNAc(1)
120.063056	Label:13C(6)+GG
311.166748	Biotin:Thermo-21345
70.07825	Pentylamine
487.246455	Biotin:Thermo-21360
682.24612	Cy3b-maleimide
220.048407	Xlink:BMOE
163.985807	Xlink:DFDNB
572.181134	TMPP-Ac
46.035672	Label:2H(4)+Acetyl
48.030694	Label:13C(6)+Acetyl
50.024764	Label:13C(6)15N(2)+Acetyl
80.985078	Arg->Npo
484.228162	EQIGG
266.057909	Arg2PG
343.031785	cGMP
150.041585	cGMP+RMP-loss
118.068034	Label:2H(4)+GG
758.380841	ZGB
4.022185	Label:13C(1)2H(3)
122.057126	Label:13C(6)15N(2)+GG
115.0667	ICPL:13C(6)2H(4)
600.250354	QEQTGG
599.266339	QQQTGG
695.310118	Biotin:Thermo-21325
20.0171	Label:13C(1)2H(3)+Oxidation
108.021129	HydroxymethylOP
383.148121	MDCC
940.1999	DyLight-maleimide
710.383719	Methyl-PEO12-Maleimide
209.018035	CarbamidomethylDTT
210.00205	CarboxymethylDTT
578.317646	Biotin-PEG-PRA
-4.986324	Met->Aha
3.98814	Label:15N(4)
159.932662	pyrophospho
-21.987721	Met->Hpg
372.142033	4AcAllylGal
103.960719	DimethylArsino
31.935685	Lys->CamCys
12.962234	Phe->CamCys
33.951335	Leu->MetOx
18.940436	Lys->MetOx
178.047738	Galactosyl
228.111007	Bacillosamine
184.07961	MTSL
511.319226	HNE-BAHAH
120.050417	Label:13C(4)15N(2)+GG
60.003371	MercaptoEthanol
29.015316	Ethyl+Deamidated
845.403166	VFQQQTGG
1203.577168	VIEVYQEQTGG
502.202341	AMTzHexNAc2
474.250515	Atto495Maleimide
33.961028	Chlorination
67.922055	dichlorination
820.336015	AROD
11.070128	Cys->ethylaminoAla
198.981352	DNPS
458.162391	SulfoGMBS
267.158292	DimethylamineGMBS
11.050561	Label:15N(2)2H(9)
314.188195	LG-anhydrolactam
316.203845	LG-pyrrole
298.19328	LG-anhyropyrrole
144.042259	3-deoxyglucosone
6.008178	Cation:Li
105.897267	Cation:Ag
116.010959	2-succinyl
37.031634	Propargylamine
116.997965	Phosphopropargyl
2135.920496	SUMO2135
3549.536568	SUMO3549
453.212452	Puromycin
149.02992	BITC
163.04557	PEITC
160.037173	glucosone
299.166748	cysTMT
304.177202	cysTMT6plex
34.051429	Label:13C(6)+Dimethyl
36.045499	Label:13C(6)15N(2)+Dimethyl
17.026549	Ammonium
449.17329	Biotin:Sigma-B1267
0.997035	Label:15N(1)
1.99407	Label:15N(2)
2.991105	Label:15N(3)
94.967714	sulfo+amino
107.077339	AHA-Alkyne
695.280074	AHA-Alkyne-KDDDD
456.069261	EGCG1
287.055563	EGCG2
24.023919	Label:13C(6)15N(4)+Methyl
38.039569	Label:13C(6)15N(4)+Dimethyl
28.046104	Label:13C(6)15N(4)+Methyl:2H(3)13C(1)
46.083939	Label:13C(6)15N(4)+Dimethyl:2H(6)13C(2)
104.965913	Cys->CamSec
12.0	Thiazolidine
1970.824411	DEDGFLYMVYASQETFG
523.210069	Biotin:Invitrogen-M1602
87.032028	glycidamide
309.205242	Ahx2+Hsl
111.068414	DMPO
138.06808	ICDID
144.10574	ICDID:2H(6)
196.121178	Biotin:Thermo-88310
135.032028	2-nitrobenzyl
172.992127	Cys->SecNEM
178.023511	Cys->SecNEM:2H(5)
174.025169	Thiadiazole
470.266839	Withaferin
443.291294	Biotin:Thermo-88317
659.312423	TAMRA-FP
543.236284	Biotin:Thermo-21901+H2O
71.073499	Deoxyhypusine
113.084064	Acetyldeoxyhypusine
129.078979	Acetylhypusine
66.021798	Ala->His
57.057849	Ala->Lys
85.063997	Ala->Arg
115.042199	Ala->Trp
92.026215	Ala->Tyr
12.017759	Cys->Asp
26.033409	Cys->Glu
34.049727	Cys->His
10.07488	Cys->Xle
25.085779	Cys->Lys
11.033743	Cys->Asn
-5.956421	Cys->Pro
25.049393	Cys->Gln
-1.961506	Cys->Thr
-3.940771	Cys->Val
-12.017759	Asp->Cys
32.041471	Asp->Phe
-1.942879	Asp->Xle
13.06802	Asp->Lys
16.013542	Asp->Met
-17.974179	Asp->Pro
41.074168	Asp->Arg
-13.979265	Asp->Thr
71.05237	Asp->Trp
-26.033409	Glu->Cys
18.025821	Glu->Phe
8.016319	Glu->His
1.997892	Glu->Met
-14.999666	Glu->Asn
-31.989829	Glu->Pro
27.058518	Glu->Arg
-42.010565	Glu->Ser
57.03672	Glu->Trp
34.020735	Glu->Tyr
-32.041471	Phe->Asp
-18.025821	Phe->Glu
-90.04695	Phe->Gly
-10.009502	Phe->His
-18.973451	Phe->Lys
-16.027929	Phe->Met
-33.025486	Phe->Asn
-50.01565	Phe->Pro
-19.009836	Phe->Gln
9.032697	Phe->Arg
-46.020735	Phe->Thr
39.010899	Phe->Trp
90.04695	Gly->Phe
80.037448	Gly->His
74.019021	Gly->Met
106.041865	Gly->Tyr
-66.021798	His->Ala
-34.049727	His->Cys
-8.016319	His->Glu
10.009502	His->Phe
-80.037448	His->Gly
-8.963949	His->Lys
-6.018427	His->Met
-50.026883	His->Ser
-36.011233	His->Thr
-37.990498	His->Val
-10.07488	Xle->Cys
1.942879	Xle->Asp
-56.0626	Xle->Gly
49.979265	Xle->Tyr
-57.057849	Lys->Ala
-25.085779	Lys->Cys
-13.06802	Lys->Asp
18.973451	Lys->Phe
-71.073499	Lys->Gly
8.963949	Lys->His
-31.042199	Lys->Pro
-41.062935	Lys->Ser
-29.026549	Lys->Val
57.98435	Lys->Trp
34.968366	Lys->Tyr
-60.003371	Met->Ala
-16.013542	Met->Asp
-1.997892	Met->Glu
16.027929	Met->Phe
-74.019021	Met->Gly
6.018427	Met->His
-16.997557	Met->Asn
-2.981907	Met->Gln
-44.008456	Met->Ser
55.038828	Met->Trp
32.022844	Met->Tyr
-43.005814	Asn->Ala
-11.033743	Asn->Cys
33.025486	Asn->Phe
-57.021464	Asn->Gly
16.997557	Asn->Met
-16.990164	Asn->Pro
42.058184	Asn->Arg
72.036386	Asn->Trp
5.956421	Pro->Cys
17.974179	Pro->Asp
50.01565	Pro->Phe
-40.0313	Pro->Gly
31.042199	Pro->Lys
33.987721	Pro->Met
16.990164	Pro->Asn
2.01565	Pro->Val
89.026549	Pro->Trp
66.010565	Pro->Tyr
-25.049393	Gln->Cys
-13.031634	Gln->Asp
19.009836	Gln->Phe
-71.037114	Gln->Gly
2.981907	Gln->Met
-41.026549	Gln->Ser
-28.990164	Gln->Val
58.020735	Gln->Trp
35.004751	Gln->Tyr
-85.063997	Arg->Ala
-41.074168	Arg->Asp
-27.058518	Arg->Glu
-42.058184	Arg->Asn
-57.032697	Arg->Val
6.962218	Arg->Tyr
-9.032697	Arg->Phe
50.026883	Ser->His
41.062935	Ser->Lys
1.961506	Thr->Cys
46.020735	Thr->Phe
-44.026215	Thr->Gly
36.011233	Thr->His
-1.979265	Thr->Val
85.031634	Thr->Trp
3.940771	Val->Cys
37.990498	Val->His
29.026549	Val->Lys
57.032697	Val->Arg
1.979265	Val->Thr
87.010899	Val->Trp
63.994915	Val->Tyr
-115.042199	Trp->Ala
-71.05237	Trp->Asp
-57.03672	Trp->Glu
-39.010899	Trp->Phe
-57.98435	Trp->Lys
-55.038828	Trp->Met
-72.036386	Trp->Asn
-89.026549	Trp->Pro
-58.020735	Trp->Gln
-85.031634	Trp->Thr
-87.010899	Trp->Val
-92.026215	Tyr->Ala
-34.020735	Tyr->Glu
-106.041865	Tyr->Gly
-34.968366	Tyr->Lys
-32.022844	Tyr->Met
-66.010565	Tyr->Pro
-35.004751	Tyr->Gln
-6.962218	Tyr->Arg
-62.01565	Tyr->Thr
-63.994915	Tyr->Val
-49.979265	Tyr->Xle
195.075625	AHA-SS
252.097088	AHA-SS_CAM
548.223945	Biotin:Thermo-33033
546.208295	Biotin:Thermo-33033-H
130.026609	2-monomethylsuccinyl
170.013281	Cresylphosphate
276.055146	CresylSaligeninPhosphate
100.063663	Ub-Br2
172.084792	Ub-VME
597.209772	Ub-fluorescein
243.085521	pupylation
4.013419	Label:13C(4)
20.008334	Label:13C(4)+Oxidation
117.024835	HCysThiolactone
133.019749	HCysteinyl
1106.48935	UgiJoullie
225.090212	Dipyridyl
263.131014	BMP-piperidinol
154.074228	UgiJoullieProGly
308.148455	UgiJoullieProGlyProGly
688.199683	IMEHex(2)NeuAc(1)
-156.101111	Arg-loss
156.101111	Arg
34.068961	Dimethyl:2H(6)
242.101505	GGQ
343.149184	QTGG
3.010064	Label:13C(3)
4.007099	Label:13C(3)15N(1)
5.010454	Label:13C(4)15N(1)
10.062767	Label:2H(10)
5.028462	Label:2H(4)13C(1)
128.094963	Lys
291.095417	NeuAc
307.090331	NeuGc
48.084611	Propyl:2H(6)
132.057515	Propiophenone
58.041865	Delta:H(6)C(3)O(1)
96.057515	Delta:H(8)C(6)O(1)
298.146347	biotinAcrolein298
265.146664	MM-diphenylpentanone
266.13068	EHD-diphenylpentanone
561.246849	Biotin:Thermo-21901+2H2O
145.12	DiLeu4plex115
145.132163	DiLeu4plex
145.128307	DiLeu4plex117
145.140471	DiLeu4plex118
157.019749	NEMsulfur
63.9619	SulfurDioxide
175.030314	NEMsulfurWater
434.178299	bisANS-sulfonates
166.001457	DNCB_hapten
921.461652	Biotin:Thermo-21911
324.216141	iodoTMT
329.226595	iodoTMT6plex
258.014069	Phosphogluconoylation
120.021129	PS_Hapten
753.262796	Cy3-maleimide
132.068748	benzylguanidine
162.079313	CarboxymethylDMAP
-20.026215	azole
212.00859	phosphoRibosyl
148.089627	NEM:2H(5)+H2O
68.026215	Crotonyl
135.044916	O-Et-N-diMePhospho
107.013615	N-dimethylphosphate
308.110732	dHex(1)Hex(1)
62.063875	Methyl:2H(3)+Acetyl:2H(3)
19.013745	Label:2H(3)+Oxidation
51.103441	Trimethyl:2H(9)
44.017274	Acetyl:13C(2)
470.163556	dHex(1)Hex(2)
632.216379	dHex(1)Hex(3)
794.269203	dHex(1)Hex(4)
956.322026	dHex(1)Hex(5)
1118.37485	dHex(1)Hex(6)
106.00885	methylsulfonylethyl
168.0245	phenylsulfonylethyl
231.02966	PyridoxalPhosphateH2
33.969094	Homocysteic_acid
167.982375	3-phosphoglyceryl
101.084064	HN2_mustard
131.094629	HN3_mustard
141.042593	Oxidation+NEM
471.131802	NHS-fluorescein
217.162932	DiART6plex
217.156612	DiART6plex115
217.168776	DiART6plex116/119
217.162456	DiART6plex117
217.175096	DiART6plex118
133.052764	Iodoacetanilide
139.072893	Iodoacetanilide:13C(6)
364.076278	Dap-DSP
275.100502	MurNAc
11.032077	Label:2H(7)15N(4)
7.034695	Label:2H(6)15N(1)
1705.73189	EEEDVIEVYQEQTGG
1662.700924	EDEDTIDVFQQQTGG
2204.772441	Hex(5)HexNAc(4)NeuAc(2)
1913.677025	Hex(5)HexNAc(4)NeuAc(1)
2059.734933	dHex(1)Hex(5)HexNAc(4)NeuAc(1)
2350.83035	dHex(1)Hex(5)HexNAc(4)NeuAc(2)
283.036187	s-GlcNAc
404.071978	PhosphoHex(2)
54.113505	Trimethyl:13C(3)2H(9)
-18.023584	15N-oxobutanoic
185.189198	spermine
128.131349	spermidine
473.219571	Biotin:Thermo-21330
132.042259	Pentose
294.095082	Hex(1)Pent(1)
338.084912	Hex(1)HexA(1)
426.137341	Hex(1)Pent(2)
445.098527	Hex(1)HexNAc(1)Phos(1)
445.089011	Hex(1)HexNAc(1)Sulf(1)
453.14824	Hex(1)NeuAc(1)
469.143155	Hex(1)NeuGc(1)
609.238118	HexNAc(3)
494.174789	HexNAc(1)NeuAc(1)
510.169704	HexNAc(1)NeuGc(1)
525.205755	Hex(1)HexNAc(1)dHex(1)Me(1)
539.221405	Hex(1)HexNAc(1)dHex(1)Me(2)
527.18502	Hex(2)HexNAc(1)
541.164284	Hex(1)HexA(1)HexNAc(1)
541.20067	Hex(2)HexNAc(1)Me(1)
558.1796	Hex(1)Pent(3)
585.190499	Hex(1)NeuAc(1)Pent(1)
607.141834	Hex(2)HexNAc(1)Sulf(1)
615.201064	Hex(2)NeuAc(1)
616.221465	dHex(2)Hex(2)
646.195644	dHex(1)Hex(2)HexA(1)
648.168383	Hex(1)HexNAc(2)Sulf(1)
648.211294	Hex(4)
1008.36456	dHex(1)Hex(2)HexNAc(2)Pent(1)
1021.359809	Hex(2)HexNAc(2)NeuAc(1)
1024.359475	Hex(3)HexNAc(2)Pent(1)
1054.370039	Hex(4)HexNAc(2)
1129.390834	dHex(1)Hex(4)HexNAc(1)Pent(1)
1170.417383	dHex(1)Hex(3)HexNAc(2)Pent(1)
1183.412632	Hex(3)HexNAc(2)NeuAc(1)
1186.412298	Hex(4)HexNAc(2)Pent(1)
1227.438847	Hex(3)HexNAc(3)Pent(1)
1296.389194	Hex(5)HexNAc(2)Phos(1)
1332.470207	dHex(1)Hex(4)HexNAc(2)Pent(1)
1337.449137	Hex(7)HexNAc(1)
1345.465456	Hex(4)HexNAc(2)NeuAc(1)
1362.480772	dHex(1)Hex(5)HexNAc(2)
1373.496756	dHex(1)Hex(3)HexNAc(3)Pent(1)
1378.432776	Hex(3)HexNAc(4)Sulf(1)
1378.475686	Hex(6)HexNAc(2)
1389.491671	Hex(4)HexNAc(3)Pent(1)
1403.507321	dHex(1)Hex(4)HexNAc(3)
1419.502235	Hex(5)HexNAc(3)
1430.51822	Hex(3)HexNAc(4)Pent(1)
1458.442017	Hex(6)HexNAc(2)Phos(1)
1483.464135	dHex(1)Hex(4)HexNAc(3)Sulf(1)
1494.52303	dHex(1)Hex(5)HexNAc(2)Pent(1)
1499.501961	Hex(8)HexNAc(1)
1505.539015	dHex(1)Hex(3)HexNAc(3)Pent(2)
1519.554665	dHex(2)Hex(3)HexNAc(3)Pent(1)
1524.490684	dHex(1)Hex(3)HexNAc(4)Sulf(1)
1524.533595	dHex(1)Hex(6)HexNAc(2)
1535.549579	dHex(1)Hex(4)HexNAc(3)Pent(1)
1540.485599	Hex(4)HexNAc(4)Sulf(1)
1540.52851	Hex(7)HexNAc(2)
1549.56523	dHex(2)Hex(4)HexNAc(3)
1551.544494	Hex(5)HexNAc(3)Pent(1)
1564.539743	Hex(4)HexNAc(3)NeuGc(1)
1565.560144	dHex(1)Hex(5)HexNAc(3)
1576.576129	dHex(1)Hex(3)HexNAc(4)Pent(1)
1581.512148	Hex(3)HexNAc(5)Sulf(1)
1581.555059	Hex(6)HexNAc(3)
1589.571378	Hex(3)HexNAc(4)NeuAc(1)
1592.571043	Hex(4)HexNAc(4)Pent(1)
1620.494841	Hex(7)HexNAc(2)Phos(1)
1620.602343	Hex(4)HexNAc(4)Me(2)Pent(1)
1637.581274	dHex(1)Hex(3)HexNAc(3)Pent(3)
1645.516959	dHex(1)Hex(5)HexNAc(3)Sulf(1)
1651.596924	dHex(2)Hex(3)HexNAc(3)Pent(2)
1661.52139	Hex(6)HexNAc(3)Phos(1)
1663.608157	Hex(4)HexNAc(5)
1665.612574	dHex(3)Hex(3)HexNAc(3)Pent(1)
1681.607488	dHex(2)Hex(4)HexNAc(3)Pent(1)
1686.543508	dHex(1)Hex(4)HexNAc(4)Sulf(1)
1686.586419	dHex(1)Hex(7)HexNAc(2)
1694.602737	dHex(1)Hex(4)HexNAc(3)NeuAc(1)
1700.461172	Hex(7)HexNAc(2)Phos(2)
1702.538423	Hex(5)HexNAc(4)Sulf(1)
1702.581333	Hex(8)HexNAc(2)
1708.618387	dHex(1)Hex(3)HexNAc(4)Pent(2)
1710.597652	dHex(1)Hex(4)HexNAc(3)NeuGc(1)
1722.634037	dHex(2)Hex(3)HexNAc(4)Pent(1)
1727.570057	dHex(1)Hex(3)HexNAc(5)Sulf(1)
1727.612968	dHex(1)Hex(6)HexNAc(3)
1735.629286	dHex(1)Hex(3)HexNAc(4)NeuAc(1)
1736.649688	dHex(3)Hex(3)HexNAc(4)
1738.628952	dHex(1)Hex(4)HexNAc(4)Pent(1)
1743.564972	Hex(4)HexNAc(5)Sulf(1)
1743.607882	Hex(7)HexNAc(3)
1774.559552	dHex(1)Hex(4)HexNAc(3)NeuAc(1)Sulf(1)
1782.655167	Hex(5)HexNAc(4)Me(2)Pent(1)
1784.591521	Hex(3)HexNAc(6)Sulf(1)
1807.569782	dHex(1)Hex(6)HexNAc(3)Sulf(1)
1809.666066	dHex(1)Hex(4)HexNAc(5)
1821.549047	dHex(1)Hex(5)HexA(1)HexNAc(3)Sulf(1)
1823.574213	Hex(7)HexNAc(3)Phos(1)
1826.681382	Hex(6)HexNAc(4)Me(3)
1832.601417	dHex(2)Hex(4)HexNAc(4)Sulf(1)
1839.640245	Hex(4)HexNAc(3)NeuAc(2)
1840.660646	dHex(1)Hex(3)HexNAc(4)Pent(3)
1843.660312	dHex(2)Hex(5)HexNAc(3)Pent(1)
1848.596331	dHex(1)Hex(5)HexNAc(4)Sulf(1)
1854.676296	dHex(2)Hex(3)HexNAc(4)Pent(2)
1856.655561	dHex(1)Hex(5)HexNAc(3)NeuAc(1)
1864.548335	Hex(3)HexNAc(6)Sulf(2)
1864.634157	Hex(9)HexNAc(2)
1866.68753	Hex(4)HexNAc(6)
1868.691946	dHex(3)Hex(3)HexNAc(4)Pent(1)
1872.650475	dHex(1)Hex(5)HexNAc(3)NeuGc(1)
1884.686861	dHex(2)Hex(4)HexNAc(4)Pent(1)
1889.62288	dHex(1)Hex(4)HexNAc(5)Sulf(1)
1889.665791	dHex(1)Hex(7)HexNAc(3)
1900.681776	dHex(1)Hex(5)HexNAc(4)Pent(1)
1901.505861	dHex(1)Hex(5)HexA(1)HexNAc(3)Sulf(2)
1907.714079	Hex(3)HexNAc(7)
1914.697426	dHex(2)Hex(5)HexNAc(4)
1920.617461	dHex(2)Hex(4)HexNAc(3)NeuAc(1)Sulf(1)
1928.553146	dHex(1)Hex(5)HexNAc(4)Sulf(2)
1928.713076	dHex(1)Hex(5)HexNAc(4)Me(2)Pent(1)
1929.671939	Hex(5)HexNAc(4)NeuGc(1)
1930.64943	dHex(1)Hex(3)HexNAc(6)Sulf(1)
1930.69234	dHex(1)Hex(6)HexNAc(4)
1936.612375	dHex(1)Hex(5)HexNAc(3)NeuAc(1)Sulf(1)
1946.687255	Hex(7)HexNAc(4)
1952.60729	dHex(1)Hex(5)HexNAc(3)NeuGc(1)Sulf(1)
1954.703574	Hex(4)HexNAc(5)NeuAc(1)
1958.72364	Hex(6)HexNAc(4)Me(3)Pent(1)
1969.622606	dHex(1)Hex(7)HexNAc(3)Sulf(1)
1969.632122	dHex(1)Hex(7)HexNAc(3)Phos(1)
1971.718889	dHex(1)Hex(5)HexNAc(5)
1977.638925	dHex(1)Hex(4)HexNAc(4)NeuAc(1)Sulf(1)
1978.659326	dHex(3)Hex(4)HexNAc(4)Sulf(1)
1987.670893	Hex(3)HexNAc(7)Sulf(1)
1987.713804	Hex(6)HexNAc(5)
1993.633839	Hex(5)HexNAc(4)NeuAc(1)Sulf(1)
1995.730123	Hex(3)HexNAc(6)NeuAc(1)
1996.750524	dHex(2)Hex(3)HexNAc(6)
672.222527	Hex(1)HexNAc(1)NeuGc(1)
673.242928	dHex(1)Hex(2)HexNAc(1)
689.194932	HexNAc(3)Sulf(1)
689.237843	Hex(3)HexNAc(1)
695.157878	Hex(1)HexNAc(1)Kdn(1)Sulf(1)
697.254162	HexNAc(2)NeuAc(1)
703.217108	HexNAc(1)Kdn(2)
703.253493	Hex(3)HexNAc(1)Me(1)
712.136808	Hex(2)HexA(1)Pent(1)Sulf(1)
713.249076	HexNAc(2)NeuGc(1)
728.177625	Hex(4)Phos(1)
736.184427	Hex(1)HexNAc(1)NeuAc(1)Sulf(1)
744.243657	Hex(1)HexA(1)HexNAc(2)
753.199743	dHex(1)Hex(2)HexNAc(1)Sulf(1)
755.296027	dHex(1)HexNAc(3)
761.258973	dHex(1)Hex(1)HexNAc(1)Kdn(1)
771.290941	Hex(1)HexNAc(3)
777.210976	HexNAc(2)NeuAc(1)Sulf(1)
778.274288	dHex(2)Hex(3)
783.173922	Hex(2)HexA(1)HexNAc(1)Sulf(1)
792.253553	dHex(2)Hex(2)HexA(1)
794.226292	dHex(1)Hex(1)HexNAc(2)Sulf(1)
802.285522	dHex(1)Hex(1)HexNAc(1)NeuAc(1)
810.221207	Hex(2)HexNAc(2)Sulf(1)
810.264117	Hex(5)
812.31749	HexNAc(4)
817.260035	HexNAc(1)NeuGc(2)
818.280436	dHex(1)Hex(1)HexNAc(1)NeuGc(1)
819.300837	dHex(2)Hex(2)HexNAc(1)
834.275351	Hex(2)HexNAc(1)NeuGc(1)
835.295752	dHex(1)Hex(3)HexNAc(1)
849.275017	dHex(1)Hex(2)HexA(1)HexNAc(1)
851.247756	Hex(1)HexNAc(3)Sulf(1)
851.290667	Hex(4)HexNAc(1)
859.306985	Hex(1)HexNAc(2)NeuAc(1)
875.3019	Hex(1)HexNAc(2)NeuGc(1)
890.230448	Hex(5)Phos(1)
907.316881	dHex(2)Hex(1)HexNAc(1)Kdn(1)
915.252567	dHex(1)Hex(3)HexNAc(1)Sulf(1)
917.34885	dHex(1)Hex(1)HexNAc(3)
929.231831	dHex(1)Hex(2)HexA(1)HexNAc(1)Sulf(1)
933.343765	Hex(2)HexNAc(3)
939.2638	Hex(1)HexNAc(2)NeuAc(1)Sulf(1)
940.327112	dHex(2)Hex(4)
948.34343	dHex(2)HexNAc(2)Kdn(1)
956.279116	dHex(1)Hex(2)HexNAc(2)Sulf(1)
958.375399	dHex(1)HexNAc(4)
963.317944	Hex(1)HexNAc(1)NeuAc(1)NeuGc(1)
964.338345	dHex(1)Hex(1)HexNAc(2)Kdn(1)
979.312859	Hex(1)HexNAc(1)NeuGc(2)
989.333594	Hex(1)HexNAc(1)NeuAc(2)Ac(1)
995.332925	dHex(2)Hex(2)HexA(1)HexNAc(1)
997.305665	dHex(1)Hex(1)HexNAc(3)Sulf(1)
1003.232225	Hex(2)HexA(1)NeuAc(1)Pent(1)Sulf(1)
1005.364894	dHex(1)Hex(1)HexNAc(2)NeuAc(1)
1011.32784	dHex(1)Hex(3)HexA(1)HexNAc(1)
1013.300579	Hex(2)HexNAc(3)Sulf(1)
1013.34349	Hex(5)HexNAc(1)
1015.396863	HexNAc(5)
1031.344159	Hex(1)HexNAc(1)NeuAc(2)Ac(2)
1037.354723	Hex(2)HexNAc(2)NeuGc(1)
1050.16311	Hex(5)Phos(3)
1052.283272	Hex(6)Phos(1)
1052.354389	dHex(1)Hex(2)HexA(1)HexNAc(2)
1061.310475	dHex(2)Hex(3)HexNAc(1)Sulf(1)
1062.386358	Hex(1)HexNAc(3)NeuAc(1)
1063.406759	dHex(2)Hex(1)HexNAc(3)
1078.381273	Hex(1)HexNAc(3)NeuGc(1)
1085.321709	dHex(1)Hex(1)HexNAc(2)NeuAc(1)Sulf(1)
1091.284655	dHex(1)Hex(3)HexA(1)HexNAc(1)Sulf(1)
1093.380938	dHex(1)Hex(1)HexA(1)HexNAc(3)
1101.316623	Hex(2)HexNAc(2)NeuAc(1)Sulf(1)
1102.337025	dHex(2)Hex(2)HexNAc(2)Sulf(1)
1110.396254	dHex(2)Hex(1)HexNAc(2)Kdn(1)
1120.428223	dHex(1)Hex(1)HexNAc(4)
1136.423137	Hex(2)HexNAc(4)
1141.365682	Hex(2)HexNAc(1)NeuGc(2)
1143.406484	dHex(2)Hex(4)HexNAc(1)
1150.402402	Hex(1)HexNAc(2)NeuAc(2)
1151.422803	dHex(2)Hex(1)HexNAc(2)NeuAc(1)
1159.358488	dHex(1)Hex(2)HexNAc(3)Sulf(1)
1161.454772	dHex(1)HexNAc(5)
1167.417718	dHex(2)Hex(1)HexNAc(2)NeuGc(1)
1168.438119	dHex(3)Hex(2)HexNAc(2)
1175.353403	Hex(3)HexNAc(3)Sulf(1)
1182.293839	dHex(2)Hex(2)HexNAc(2)Sulf(2)
1208.444267	dHex(1)Hex(1)HexNAc(3)NeuAc(1)
1212.215934	Hex(6)Phos(3)
1214.407213	dHex(1)Hex(3)HexA(1)HexNAc(2)
1224.439181	dHex(1)Hex(1)HexNAc(3)NeuGc(1)
1230.359217	Hex(1)HexNAc(2)NeuAc(2)Sulf(1)
1237.342563	dHex(2)Hex(3)HexA(1)HexNAc(1)Sulf(1)
1238.418446	Hex(1)HexNAc(1)NeuAc(3)
1240.434096	Hex(2)HexNAc(3)NeuGc(1)
1247.374532	dHex(1)Hex(2)HexNAc(2)NeuAc(1)Sulf(1)
1256.454163	dHex(3)Hex(1)HexNAc(2)Kdn(1)
1264.389848	dHex(2)Hex(3)HexNAc(2)Sulf(1)
1272.449077	dHex(2)Hex(2)HexNAc(2)Kdn(1)
1278.369113	dHex(2)Hex(2)HexA(1)HexNAc(2)Sulf(1)
1282.481046	dHex(1)Hex(2)HexNAc(4)
1286.40319	Hex(1)HexNAc(1)NeuGc(3)
1288.401081	dHex(1)Hex(1)HexNAc(3)NeuAc(1)Sulf(1)
1294.364027	dHex(1)Hex(3)HexA(1)HexNAc(2)Sulf(1)
1296.460311	dHex(1)Hex(1)HexNAc(2)NeuAc(2)
1297.480712	dHex(3)HexNAc(3)Kdn(1)
1304.395996	Hex(2)HexNAc(3)NeuAc(1)Sulf(1)
1305.416397	dHex(2)Hex(2)HexNAc(3)Sulf(1)
1307.512681	dHex(2)HexNAc(5)
1312.455225	Hex(2)HexNAc(2)NeuAc(2)
1313.475627	dHex(2)Hex(2)HexNAc(2)NeuAc(1)
1321.411312	dHex(1)Hex(3)HexNAc(3)Sulf(1)
1329.470541	dHex(2)Hex(2)HexNAc(2)NeuGc(1)
1339.50251	Hex(2)HexNAc(5)
1353.481775	Hex(1)HexNAc(3)NeuAc(2)
1370.49709	dHex(1)Hex(2)HexNAc(3)NeuAc(1)
1371.517491	dHex(3)Hex(2)HexNAc(3)
1374.268757	Hex(7)Phos(3)
1376.460036	dHex(1)Hex(4)HexA(1)HexNAc(2)
1386.492005	Hex(3)HexNAc(3)NeuAc(1)
1390.439301	dHex(1)Hex(3)HexA(2)HexNAc(2)
1392.41204	Hex(2)HexNAc(2)NeuAc(2)Sulf(1)
1393.432441	dHex(2)Hex(2)HexNAc(2)NeuAc(1)Sulf(1)
1402.48692	Hex(3)HexNAc(3)NeuGc(1)
1402.512072	dHex(4)Hex(1)HexNAc(2)Kdn(1)
1418.506986	dHex(3)Hex(2)HexNAc(2)Kdn(1)
1424.427021	dHex(3)Hex(2)HexA(1)HexNAc(2)Sulf(1)
1427.518554	Hex(2)HexNAc(4)NeuAc(1)
1428.538955	dHex(2)Hex(2)HexNAc(4)
1440.421936	dHex(2)Hex(3)HexA(1)HexNAc(2)Sulf(1)
1443.538621	dHex(4)HexNAc(3)Kdn(1)
1448.456013	Hex(2)HexNAc(1)NeuGc(3)
1449.501567	dHex(4)Hex(1)HexNAc(1)Kdn(2)
1450.453905	dHex(1)Hex(2)HexNAc(3)NeuAc(1)Sulf(1)
1458.513134	dHex(1)Hex(2)HexNAc(2)NeuAc(2)
1459.533535	dHex(3)Hex(1)HexNAc(3)Kdn(1)
1466.44882	Hex(3)HexNAc(3)NeuAc(1)Sulf(1)
1474.508049	Hex(3)HexNAc(2)NeuAc(2)
1482.443734	Hex(3)HexNAc(3)NeuGc(1)Sulf(1)
1490.502964	dHex(1)Hex(2)HexNAc(2)NeuGc(2)
1491.523365	dHex(2)Hex(3)HexNAc(2)NeuGc(1)
1497.4434	dHex(1)Hex(3)HexA(1)HexNAc(3)Sulf(1)
1515.534598	Hex(2)HexNAc(3)NeuAc(2)
1516.554999	dHex(2)Hex(2)HexNAc(3)NeuAc(1)
1517.5754	dHex(4)Hex(2)HexNAc(3)
1531.529513	Hex(2)HexNAc(3)NeuAc(1)NeuGc(1)
1532.549914	dHex(2)Hex(2)HexNAc(3)NeuGc(1)
1533.570315	dHex(3)Hex(3)HexNAc(3)
1536.321581	Hex(8)Phos(3)
1538.469949	dHex(1)Hex(2)HexNAc(2)NeuAc(2)Sulf(1)
1547.524427	Hex(2)HexNAc(3)NeuGc(2)
1564.564895	dHex(4)Hex(2)HexNAc(2)Kdn(1)
1573.576463	dHex(1)Hex(2)HexNAc(4)NeuAc(1)
1574.596864	dHex(3)Hex(2)HexNAc(4)
1593.493521	Hex(1)HexNAc(1)NeuGc(4)
1605.591444	dHex(4)Hex(1)HexNAc(3)Kdn(1)
1620.442414	Hex(4)HexNAc(4)Sulf(2)
1621.586359	dHex(3)Hex(2)HexNAc(3)Kdn(1)
1631.618328	dHex(2)Hex(2)HexNAc(5)
1643.501309	dHex(2)Hex(3)HexA(1)HexNAc(3)Sulf(1)
1659.496223	dHex(1)Hex(4)HexA(1)HexNAc(3)Sulf(1)
1677.587422	Hex(3)HexNAc(3)NeuAc(2)
1678.607823	dHex(2)Hex(3)HexNAc(3)NeuAc(1)
1679.628224	dHex(4)Hex(3)HexNAc(3)
1698.374404	Hex(9)Phos(3)
1713.671426	dHex(2)HexNAc(7)
1755.546345	Hex(2)HexNAc(1)NeuGc(4)
1757.544236	Hex(3)HexNAc(3)NeuAc(2)Sulf(1)
1793.671151	dHex(2)Hex(3)HexNAc(5)
1797.593295	dHex(1)Hex(2)HexNAc(2)NeuGc(3)
1805.554132	dHex(2)Hex(4)HexA(1)HexNAc(3)Sulf(1)
1806.630015	Hex(2)HexNAc(3)NeuAc(3)
1823.64533	dHex(1)Hex(3)HexNAc(3)NeuAc(2)
1824.665732	dHex(3)Hex(3)HexNAc(3)NeuAc(1)
1854.614759	Hex(2)HexNAc(3)NeuGc(3)
1860.427228	Hex(10)Phos(3)
1864.67188	dHex(1)Hex(2)HexNAc(4)NeuAc(2)
1900.583852	Hex(1)HexNAc(1)NeuGc(5)
1911.53783	Hex(4)HexNAc(4)NeuAc(1)Sulf(2)
1927.532745	Hex(4)HexNAc(4)NeuGc(1)Sulf(2)
1969.703239	dHex(2)Hex(3)HexNAc(3)NeuAc(2)
1991.494645	Hex(4)HexNAc(4)NeuAc(1)Sulf(3)
1022.38021	dHex(2)Hex(2)HexNAc(2)
1038.375125	dHex(1)Hex(3)HexNAc(2)
1079.401674	dHex(1)Hex(2)HexNAc(3)
1095.396588	Hex(3)HexNAc(3)
1118.331939	dHex(1)Hex(3)HexNAc(2)Sulf(1)
1184.433033	dHex(2)Hex(3)HexNAc(2)
1200.427948	dHex(1)Hex(4)HexNAc(2)
1225.459583	dHex(2)Hex(2)HexNAc(3)
1241.454497	dHex(1)Hex(3)HexNAc(3)
1257.449412	Hex(4)HexNAc(3)
1346.485857	dHex(2)Hex(4)HexNAc(2)
1387.512406	dHex(2)Hex(3)HexNAc(3)
1501.555334	Hex(3)HexNAc(5)
1548.544828	Hex(4)HexNAc(3)NeuAc(1)
1590.591779	dHex(2)Hex(3)HexNAc(4)
1647.613242	dHex(1)Hex(3)HexNAc(5)
1704.634706	Hex(3)HexNAc(6)
1751.624201	Hex(4)HexNAc(4)NeuAc(1)
1752.644602	dHex(2)Hex(4)HexNAc(4)
1784.634431	Hex(6)HexNAc(4)
1825.660981	Hex(5)HexNAc(5)
1850.692615	dHex(1)Hex(3)HexNAc(6)
1897.68211	dHex(1)Hex(4)HexNAc(4)NeuAc(1)
1898.702511	dHex(3)Hex(4)HexNAc(4)
1938.708659	dHex(1)Hex(3)HexNAc(5)NeuAc(1)
1955.723975	dHex(2)Hex(4)HexNAc(5)
698.238177	Hex(1)HexNAc(1)NeuAc(1)Ac(1)
4.00078	Label:13C(2)15N(2)
469.228496	NQIGG
122.036779	Carboxyethylpyrrole
493.116152	Fluorescein-tyramine
324.035867	RNPXL
-0.979006	Glu->pyro-Glu+Methyl:2H(2)13C(1)
397.243753	LRGG+methyl
411.259403	LRGG+dimethyl
361.146012	Biotin-tyramide
104.071154	Tris
452.034807	IASD
165.164326	Tween20
263.237491	Tween80
188.156501	Triton
168.187801	Brij35
224.250401	Brij58
454.210387	betaFNA
2092.745164	dHex(1)Hex(7)HexNAc(4)
389.090154	Biotin:Thermo-21328
305.041287	PhosphoCytidine
41.001397	AzidoF
114.031694	Gluratylation
107.979873	MeMePhosphorothioate
151.996571	DTT
161.09664	DYn-2
98.073165	MesitylOxide
21.98435	glyoxalAGE
-32.008456	Met->AspSA
-10.031969	Aspartylurea
4.97893	Formylasparagine
310.047738	AFB1_Dialdehyde
18.010565	Pro->HAVA
27.958529	Delta:H(-4)O(2)
43.953444	Delta:H(-4)O(3)
63.979659	Delta:O(4)
80.026215	Delta:H(4)C(5)O(1)
122.073165	Delta:H(10)C(8)O(1)
154.026609	Delta:H(6)C(7)O(4)
264.084518	Pent(2)
335.121631	Pent(1)HexNAc(1)
404.062462	Hex(2)Sulf(1)
440.152991	Hex(1)Pent(2)Me(1)
486.11556	HexNAc(2)Sulf(1)
572.19525	Hex(1)Pent(3)Me(1)
588.190165	Hex(2)Pent(2)
602.205815	Hex(2)Pent(2)Me(1)
824.243382	Hex(4)HexA(1)
835.259366	Hex(2)HexNAc(1)Pent(1)HexA(1)
865.269931	Hex(3)HexNAc(1)HexA(1)
940.284201	Hex(1)HexNAc(2)dHex(2)Sulf(1)
961.302294	HexA(2)HexNAc(3)
970.301291	dHex(1)Hex(4)HexA(1)
986.296206	Hex(5)HexA(1)
1027.322755	Hex(4)HexA(1)HexNAc(1)
1127.41157	dHex(3)Hex(3)HexNAc(1)
1175.396314	Hex(6)HexNAc(1)
1200.385037	Hex(1)HexNAc(4)dHex(1)Sulf(1)
1255.433762	dHex(1)Hex(2)HexNAc(1)NeuAc(2)
1330.490942	dHex(3)Hex(3)HexNAc(2)
1346.442946	dHex(2)Hex(1)HexNAc(4)Sulf(1)
1442.394675	dHex(1)Hex(2)HexNAc(4)Sulf(2)
1458.475412	Hex(9)
1467.469221	dHex(2)Hex(3)HexNAc(3)Sulf(1)
1522.554331	dHex(2)Hex(5)HexNAc(2)Me(1)
1588.452584	dHex(2)Hex(2)HexNAc(4)Sulf(2)
1661.554784	Hex(9)HexNAc(1)
1734.510493	dHex(3)Hex(2)HexNAc(4)Sulf(2)
1767.619116	Hex(4)HexNAc(4)NeuGc(1)
1767.644268	dHex(4)Hex(3)HexNAc(2)NeuAc(1)
1792.65075	Hex(3)HexNAc(5)NeuAc(1)
1823.607608	Hex(10)HexNAc(1)
1848.639242	dHex(1)Hex(8)HexNAc(2)
1880.666794	Hex(3)HexNAc(4)NeuAc(2)
1881.687195	dHex(2)Hex(3)HexNAc(4)NeuAc(1)
1914.654515	dHex(2)Hex(2)HexNAc(6)Sulf(1)
1955.687589	Hex(5)HexNAc(4)NeuAc(1)Ac(1)
1968.682838	Hex(3)HexNAc(3)NeuAc(3)
1997.698154	Hex(5)HexNAc(4)NeuAc(1)Ac(2)
162.125595	Unknown:162
176.744957	Unknown:177
210.16198	Unknown:210
216.099774	Unknown:216
234.073953	Unknown:234
248.19876	Unknown:248
249.981018	Unknown:250
301.986514	Unknown:302
306.095082	Unknown:306
420.051719	Unknown:420
152.006087	Diethylphosphothione
123.974787	Dimethylphosphothione
330.136176	CIGG
1324.6308	GNLLFLACYCIGG
159.068414	serotonylation
581.211328	TMPP-Ac:13C(9)
203.950987	Haloxon
